month,first,last,return_pct
2026-01,100000.0,106964.3737427117,6.964373742711705
2026-02,107092.68602627597,96485.95972369007,-9.904249016579392
2026-03,96197.9941763026,94998.69306774024,-1.2467007434317057
