month,first,last,return_pct
2026-01,100000.0,94261.39942923885,-5.738600570761143
2026-02,94374.47348361346,90368.87632548709,-4.244365038838471
