month,first,last,return_pct
2025-01,100000.0,101067.12411906023,1.0671241190602254
2025-02,101079.02997168095,87732.57685480754,-13.203978234271396
2025-03,87637.16864861382,82597.27292850279,-5.750865526382731
