month,first,last,return_pct
2026-01,100000.0,106925.5576559385,6.925557655938497
2026-02,107053.82337651588,95667.22445188386,-10.636330927279957
2026-03,95642.03486810855,94954.156540116,-0.7192217615833219
