month,first,last,return_pct
2026-03,100000.0,102008.67234397457,2.0086723439745713
