month,first,last,return_pct
2026-01,100000.0,102145.35403692807,2.14535403692806
2026-02,102145.35403692807,96265.91394347507,-5.755954491407833
2026-03,96195.31160598093,95606.34968353277,-0.6122563694793803
