month,first,last,return_pct
2026-01,100000.0,110509.89671117629,10.509896711176282
