month,first,last,return_pct
2026-03,100000.0,100143.26046966921,0.14326046966921524
