month,first,last,return_pct
2025-01,100000.0,102968.48691010792,2.9684869101079148
