month,first,last,return_pct
2026-01,100000.0,106858.57194347742,6.858571943477432
2026-02,106883.14671389038,103266.88855393864,-3.3833754629547963
2026-03,103219.98692721389,102923.6607378499,-0.2870821806758683
