month,first,last,return_pct
2026-01,100000.0,110061.15551910628,10.06115551910629
2026-02,110061.15551910628,102539.61673902231,-6.8339631222372965
2026-03,102539.61673902231,101277.23265808768,-1.2311183921699054
