month,first,last,return_pct
2026-03,100000.0,101234.95954085454,1.2349595408545522
