month,first,last,return_pct
2025-01,100000.0,100067.21990001059,0.06721990001059552
2025-02,100109.94131910533,90399.36526424353,-9.699911843828634
2025-03,90303.22232029565,85806.16658266039,-4.979950462547944
