month,first,last,return_pct
2026-03,100000.0,99871.16789100388,-0.12883210899612418
