month,first,last,return_pct
2026-03,100000.0,100921.60750002717,0.9216075000271662
