month,first,last,return_pct
2025-01,100000.0,100045.9439266607,0.045943926660685364
2025-02,100046.10777550383,92673.53085901636,-7.369179151907634
2025-03,92637.67173545042,87210.53412059689,-5.8584564067543194
