month,first,last,return_pct
2026-03,100000.0,102224.42604480241,2.224426044802419
