month,first,last,return_pct
2026-03,100000.0,100952.54705587192,0.9525470558719329
