month,first,last,return_pct
2026-01,100000.0,94283.38926540792,-5.716610734592075
2026-02,94396.489698342,90700.26709529635,-3.9156356500728795
