month,first,last,return_pct
2026-02,100000.0,94084.61980239506,-5.9153801976049465
2026-03,94054.50757987078,94054.50757987078,0.0
