month,first,last,return_pct
2026-01,100000.0,106098.1810806662,6.0981810806661985
2026-02,106225.45429715996,95851.44907785556,-9.766025749613338
2026-03,95565.37696085923,94311.18805231205,-1.3123883862885322
