month,first,last,return_pct
2024-10,100000.0,98757.7864879862,-1.2422135120138011
2024-11,98846.43563647805,155821.57976160845,57.64005930842531
2024-12,154134.94524304385,147761.69121183778,-4.1348534046945495
