month,first,last,return_pct
2025-01,100000.0,94375.76181162067,-5.624238188379326
2025-02,94520.80080190783,81867.59760418208,-13.386686412278415
2025-03,81663.70760688354,79056.46135144295,-3.1926621161893265
