month,first,last,return_pct
2026-01,100000.0,90676.94959621617,-9.323050403783828
2026-02,90785.72381759684,86528.80442087591,-4.688974452936856
