month,first,last,return_pct
2026-01,100000.0,111222.50555697303,11.22250555697304
2026-02,111222.50555697303,102098.94831014534,-8.202977626820507
2026-03,102098.94831014534,100452.71488134893,-1.612390192106239
