month,first,last,return_pct
2026-01,100000.0,101212.27258316684,1.212272583166829
2026-02,101212.27258316684,96709.45174991686,-4.448888181569066
2026-03,96638.05156760642,96062.08504522833,-0.596003864973571
