month,first,last,return_pct
2026-03,100000.0,100459.75669466899,0.45975669466900015
