month,first,last,return_pct
2025-01,100000.0,97540.24639425086,-2.4597536057491376
2025-02,97508.55525908002,91888.13625800193,-5.764026537101941
2025-03,91591.42756020665,87870.4900243618,-4.062539077031991
