month,first,last,return_pct
2026-01,100000.0,106720.27156360904,6.720271563609037
2026-02,106848.29102717235,95855.92501358394,-10.287825764843506
2026-03,95569.83944415761,94468.98255414506,-1.151887348995495
