month,first,last,return_pct
2026-03,100000.0,101106.5045855616,1.1065045855616074
