month,first,last,return_pct
2026-03,100000.0,99736.48455647797,-0.26351544352203327
