month,first,last,return_pct
2026-02,100000.0,95120.66327979026,-4.879336720209748
2026-03,94989.64815976752,94989.64815976752,0.0
