month,first,last,return_pct
2026-01,100000.0,105192.222882369,5.192222882369002
2026-02,105285.77113235621,94330.36417406061,-10.405401262173786
2026-03,94330.36417406061,94642.20869698058,0.33058763808495595
