month,first,last,return_pct
2024-10,100000.0,94713.67232801276,-5.286327671987234
2024-11,94741.47763176814,144377.3699173,52.39087834206235
2024-12,142540.5293356387,134578.4765730229,-5.585816749612071
