month,first,last,return_pct
2026-03,100000.0,101588.89709492736,1.588897094927355
