month,first,last,return_pct
2025-01,100000.0,100850.92802824659,0.8509280282466003
2025-02,100871.8413117387,98504.69291030956,-2.346688997292712
2025-03,98444.58310504274,84217.60544567872,-14.45176281988364
