month,first,last,return_pct
2026-02,100000.0,94227.80563395929,-5.772194366040717
2026-03,94197.55758340268,94197.55758340268,0.0
