month,first,last,return_pct
2026-03,100000.0,100725.79600087309,0.7257960008730802
