month,first,last,return_pct
2026-01,100000.0,106048.15834406586,6.048158344065868
2026-02,106068.90764320274,98336.96893631898,-7.289543070333715
2026-03,98309.01362916309,97016.92481749221,-1.3143136768158814
