month,first,last,return_pct
2026-03,100000.0,101064.4822003604,1.0644822003603949
