month,first,last,return_pct
2026-01,100000.0,106189.3518098247,6.189351809824695
2026-02,106316.73439286774,97057.69751755055,-8.708917677157634
2026-03,96751.58583020084,95676.83776024712,-1.1108325106318317
