month,first,last,return_pct
2026-03,100000.0,100459.75669466898,0.45975669466897795
