month,first,last,return_pct
2025-01,100000.0,92960.30142972613,-7.0396985702738775
2025-02,93086.22714065741,77646.89444931474,-16.586054849997467
2025-03,77516.31440317692,74399.2412625956,-4.021183365825198
