month,first,last,return_pct
2024-10,100000.0,95568.95446173048,-4.431045538269518
2024-11,95521.74979993397,145281.0388149794,52.09210375570385
2024-12,143399.98570965166,140541.9224685459,-1.9930707991091534
