month,first,last,return_pct
2026-03,100000.0,99929.89808023263,-0.07010191976737357
