month,first,last,return_pct
2026-03,100000.0,99747.22723909722,-0.25277276090277523
