month,first,last,return_pct
2026-03,100000.0,102590.01957957633,2.5900195795763192
