month,first,last,return_pct
2026-03,100000.0,102093.82138693938,2.0938213869393874
