month,first,last,return_pct
2024-10,100000.0,94939.79501824698,-5.060204981753024
2024-11,95029.35592705474,143551.59579595082,51.06026384746008
2024-12,141973.5999370289,140479.41580228737,-1.0524380134082967
