month,first,last,return_pct
2026-02,100000.0,94458.84822696736,-5.541151773032649
2026-03,94328.4255969525,94328.4255969525,0.0
