month,first,last,return_pct
2025-01,100000.0,102819.99907250609,2.8199990725060964
2025-02,102884.48597299115,94219.44502532049,-8.422106467971647
2025-03,94166.72779262453,84829.69734126392,-9.915424131464745
