month,first,last,return_pct
2025-01,100000.0,94546.52009753067,-5.453479902469338
2025-02,94733.23315500942,76447.93094016508,-19.301887633165226
2025-03,76063.2530172375,70147.56089564432,-7.777332531718784
