month,first,last,return_pct
2025-01,100000.0,105073.34954522236,5.073349545222361
2025-02,105198.98380867952,93236.66729030521,-11.371133147188583
2025-03,92930.9970355421,88411.62533540139,-4.863147759420084
