month,first,last,return_pct
2025-01,100000.0,92168.11938504902,-7.831880614950981
2025-02,92280.47963461376,82942.4190803126,-10.11921545193023
2025-03,82850.59658397971,77339.97795937752,-6.65127211125931
