month,first,last,return_pct
2026-01,100000.0,107659.87329255306,7.6598732925530655
2026-02,107789.01988320798,97549.5021232057,-9.499592603306938
2026-03,97252.45700336416,97149.13620017517,-0.10623978701681525
