month,first,last,return_pct
2026-01,100000.0,105570.62374320452,5.570623743204517
2026-02,105591.59448308262,98371.83891086259,-6.837433990426911
2026-03,98286.53259957298,99084.71769756233,0.8121001696552055
