month,first,last,return_pct
2026-01,100000.0,110061.15551910643,10.061155519106425
2026-02,110061.15551910643,102539.61673902244,-6.833963122237307
2026-03,102539.61673902244,101277.2326580878,-1.2311183921699165
