month,first,last,return_pct
2026-01,100000.0,107338.12681738989,7.338126817389878
2026-02,107466.8874475281,96963.14825914516,-9.773930777991048
2026-03,96673.75851016516,95074.86892354528,-1.6539023735709701
