month,first,last,return_pct
2026-01,100000.0,101391.37359217378,1.3913735921737835
2026-02,101391.37359217378,95710.69426079626,-5.602724502211509
2026-03,95641.0152667801,95704.7550906346,0.0666448632699046
