month,first,last,return_pct
2024-10,100000.0,103103.75058746437,3.103750587464371
2024-11,103159.23014917794,182591.65692282998,76.99982508476002
2024-12,179916.0417397893,184699.40718257873,2.6586653399742755
