month,first,last,return_pct
2025-01,100000.0,102469.75227719074,2.4697522771907288
2025-02,102457.54229169303,95474.27553102258,-6.815766418434411
2025-03,95438.04241648673,90738.132777258,-4.92456626333404
