month,first,last,return_pct
2026-03,100000.0,102466.70456156132,2.466704561561306
