month,first,last,return_pct
2026-02,100000.0,94970.67288224903,-5.02932711775097
2026-03,94839.77859678495,94839.77859678495,0.0
