month,first,last,return_pct
2026-03,100000.0,100454.39905894894,0.45439905894895105
