month,first,last,return_pct
2026-01,100000.0,93332.96062254954,-6.667039377450468
2026-02,93444.92094064667,92364.74559265921,-1.1559486990989631
