month,first,last,return_pct
2026-01,100000.0,108196.8405646826,8.196840564682596
2026-02,108326.63129033755,98141.0293741324,-9.402675773149127
2026-03,97842.18227984113,97318.68624532592,-0.5350412494050327
