month,first,last,return_pct
2025-01,100000.0,98735.02146671672,-1.2649785332832786
2025-02,98849.71257880505,88377.44739113686,-10.594128110710976
2025-03,88350.30393075428,80132.92371597579,-9.300907692653748
