month,first,last,return_pct
2025-01,100000.0,92775.66994998296,-7.224330050017047
2025-02,92929.56629930159,79440.66636956998,-14.515186572901262
2025-03,79229.61908352819,76679.35853912728,-3.2188221701688224
