month,first,last,return_pct
2026-03,100000.0,98622.93708250062,-1.3770629174993831
