month,first,last,return_pct
2026-01,100000.0,103671.72701710399,3.6717270171039873
2026-02,103928.32372524316,94716.4003752182,-8.863727441980739
2026-03,94427.97689223755,94285.36828685438,-0.1510236797150899
