month,first,last,return_pct
2026-01,100000.0,112066.41538719164,12.066415387191643
2026-02,112247.46673551602,98259.97633643533,-12.461297173003317
2026-03,97518.35302206047,95443.21032807816,-2.127950923774191
