month,first,last,return_pct
2026-01,100000.0,108196.84056468256,8.19684056468255
2026-02,108326.63129033751,98141.02937413235,-9.402675773149127
2026-03,97842.18227984109,97318.68624532584,-0.5350412494050771
