month,first,last,return_pct
2026-03,100000.0,98692.73198061393,-1.3072680193860764
