month,first,last,return_pct
2026-03,100000.0,102093.51930805213,2.0935193080521275
