month,first,last,return_pct
2024-10,100000.0,97287.23208716145,-2.712767912838554
2024-11,97315.59757949633,152958.8190984691,57.17811214540225
2024-12,150919.87100586164,149750.31816328928,-0.7749495376436766
