month,first,last,return_pct
2026-01,100000.0,104117.27967693763,4.117279676937624
2026-02,104242.17664446426,94345.08462974758,-9.494325937257042
2026-03,94348.67046279792,94044.8311934022,-0.3220387398204183
