month,first,last,return_pct
2025-01,100000.0,99794.81947894131,-0.2051805210586899
2025-02,99812.43957689161,93687.29391130406,-6.136655602800866
2025-03,93464.80851571745,87259.54466097965,-6.639144671969555
