month,first,last,return_pct
2026-01,100000.0,103332.82052903611,3.332820529036118
2026-02,103372.96461416395,94651.84410518866,-8.436558380159232
2026-03,94564.61750739336,95051.0598469613,0.5144020590258425
