month,first,last,return_pct
2026-03,100000.0,99890.9160917298,-0.1090839082702022
