month,first,last,return_pct
2025-01,100000.0,94518.2802799089,-5.481719720091105
2025-02,94644.66077945143,82347.05887415973,-12.99344495929734
2025-03,82094.96904406667,78613.83720686565,-4.240371703328661
