month,first,last,return_pct
2026-03,100000.0,100409.87649918301,0.40987649918300395
