month,first,last,return_pct
2026-03,100000.0,100739.29650021098,0.7392965002109841
