month,first,last,return_pct
2026-01,100000.0,105284.6787027683,5.284678702768297
2026-02,105305.59107172367,96979.82726248993,-7.906288473859913
2026-03,96894.73954265077,97487.12146636625,0.6113664441553368
