month,first,last,return_pct
2024-10,100000.0,97287.23208716157,-2.712767912838432
2024-11,97315.59757949643,152958.81909846936,57.17811214540236
2024-12,150919.87100586193,149750.31816328954,-0.7749495376436988
