month,first,last,return_pct
2026-03,100000.0,100827.97052735364,0.8279705273536386
