month,first,last,return_pct
2026-01,100000.0,105471.66446227071,5.47166446227072
2026-02,105492.52814065908,98379.3403253998,-6.742835668678704
2026-03,98294.70972849404,98538.21268876892,0.24772743207388537
