month,first,last,return_pct
2026-03,100000.0,105625.75411100718,5.625754111007186
