month,first,last,return_pct
2025-01,100000.0,93405.18207230605,-6.594817927693953
2025-02,93566.61652063373,78300.06134684973,-16.316241562948196
2025-03,78083.50728375504,75414.18424637981,-3.4185491024050996
