month,first,last,return_pct
2026-03,100000.0,101588.89709492741,1.5888970949273995
