month,first,last,return_pct
2024-10,100000.0,95435.98325456164,-4.56401674543836
2024-11,95612.32696634943,185926.15017064038,94.45834660637087
2024-12,183380.4226248901,204820.0595345369,11.691344475469002
