month,first,last,return_pct
2026-01,100000.0,106364.41626091616,6.36441626091615
2026-02,106492.00884770816,97428.46576346163,-8.511007710642494
2026-03,97131.78854105185,96172.16544754076,-0.9879598717628002
