month,first,last,return_pct
2026-03,100000.0,102590.01957957642,2.590019579576408
