month,first,last,return_pct
2024-10,100000.0,101882.88349164024,1.8828834916402304
2024-11,102165.35277182749,199401.00171977378,95.17477922785524
2024-12,194678.0814055985,221100.34499788767,13.572284769562826
