month,first,last,return_pct
2026-03,100000.0,101431.78116287451,1.4317811628745014
