month,first,last,return_pct
2026-01,100000.0,105570.62374320453,5.570623743204539
2026-02,105591.59448308262,98371.8389108627,-6.8374339904268
2026-03,98286.5325995731,99084.71769756236,0.8121001696551167
