month,first,last,return_pct
2025-01,100000.0,93189.2167130625,-6.810783286937494
2025-02,93310.9261480116,78042.24702509657,-16.36322749459752
2025-03,77836.89038736484,75208.77047698837,-3.3764451499761927
