month,first,last,return_pct
2026-03,100000.0,99470.79901199503,-0.5292009880049742
