month,first,last,return_pct
2024-10,100000.0,92516.01872520172,-7.483981274798279
2024-11,92578.27056352003,144273.82336419274,55.83983421379992
2024-12,142593.3864801452,141388.50073258596,-0.8449801055303463
