month,first,last,return_pct
2025-01,100000.0,100045.94392666064,0.045943926660640955
2025-02,100046.10777550377,92673.53085901643,-7.369179151907501
2025-03,92637.6717354505,87210.53412059696,-5.8584564067543194
