month,first,last,return_pct
2026-01,100000.0,107651.78642467695,7.651786424676943
2026-02,107780.9233144899,96745.79294615152,-10.238481940017707
2026-03,96451.19277299041,96561.39331845846,0.11425524381789565
