month,first,last,return_pct
2026-03,100000.0,100222.8607257012,0.22286072570121274
