month,first,last,return_pct
2026-03,100000.0,102038.72995569662,2.0387299556966276
