month,first,last,return_pct
2025-01,100000.0,98655.41373525592,-1.3445862647440854
2025-02,98815.05664497367,88526.29352805973,-10.412141090886362
2025-03,88059.18401723933,77443.45602872138,-12.05521957418968
