month,first,last,return_pct
2025-01,100000.0,100112.55621561472,0.11255621561472307
2025-02,100205.23218513513,91222.74762442033,-8.964087368331352
2025-03,91187.91912610253,83812.93173189928,-8.087680325290103
