month,first,last,return_pct
2026-03,100000.0,105768.78097575839,5.768780975758392
